{"stat.chestOpened":3,"stat.walkOneCm":32830,"stat.useItem.minecraft.sticky_piston":8,"stat.useItem.minecraft.chest":7,"stat.useItem.minecraft.lever":1,"stat.useItem.minecraft.quartz_stairs":7,"stat.leaveGame":6,"stat.useItem.minecraft.bookshelf":18,"stat.useItem.minecraft.carpet":11,"stat.jump":42,"stat.useItem.minecraft.planks":107,"stat.useItem.minecraft.nether_brick_stairs":10,"stat.drop.minecraft.stained_hardened_clay":2,"stat.useItem.minecraft.piston":5,"stat.crouchOneCm":1349,"stat.useItem.minecraft.stained_hardened_clay":364,"stat.useItem.minecraft.fence":15,"stat.pickup.minecraft.banner":1,"stat.useItem.minecraft.stone_slab":56,"stat.useItem.minecraft.anvil":4,"stat.flyOneCm":91313,"stat.drop":2,"stat.playOneMinute":36524,"stat.useItem.minecraft.banner":15,"stat.useItem.minecraft.nether_brick":14,"stat.sneakTime":1288,"stat.damageDealt":30,"stat.useItem.minecraft.wool":64,"stat.useItem.minecraft.snow_layer":25,"stat.timeSinceDeath":36524,"stat.pickup.minecraft.stained_hardened_clay":2}