{"stat.chestOpened":3,"stat.useItem.minecraft.command_block":8,"stat.walkOneCm":128716,"stat.useItem.minecraft.sticky_piston":49,"stat.useItem.minecraft.quartz_block":30,"stat.useItem.minecraft.lever":34,"stat.pickup.minecraft.redstone_torch":2,"stat.useItem.minecraft.repeater":25,"stat.leaveGame":7,"stat.useItem.minecraft.bookshelf":7,"stat.pickup.minecraft.wooden_button":1,"stat.useItem.minecraft.armor_stand":2,"stat.useItem.minecraft.glowstone":19,"stat.jump":281,"stat.drop.minecraft.glass_pane":1,"stat.useItem.minecraft.concrete_powder":68,"stat.useItem.minecraft.redstone":114,"stat.useItem.minecraft.item_frame":21,"stat.shulkerBoxOpened":9,"stat.crouchOneCm":7131,"stat.useItem.minecraft.written_book":23,"stat.useItem.minecraft.redstone_torch":23,"stat.useItem.minecraft.dirt":8,"stat.useItem.minecraft.trapdoor":43,"stat.sprintOneCm":177,"stat.useItem.minecraft.concrete":957,"stat.useItem.minecraft.glass_pane":29,"stat.useItem.minecraft.glass":3,"stat.useItem.minecraft.dark_oak_door":3,"stat.useItem.minecraft.redstone_lamp":4,"stat.useItem.minecraft.bed":6,"stat.pickup.minecraft.repeater":1,"stat.useItem.minecraft.wooden_button":9,"stat.pickup.minecraft.yellow_shulker_box":1,"stat.useItem.minecraft.anvil":5,"stat.pickup.minecraft.lever":8,"stat.flyOneCm":346234,"stat.useItem.minecraft.yellow_shulker_box":8,"stat.drop":1,"stat.pickup.minecraft.egg":1,"stat.playOneMinute":266217,"stat.sneakTime":6727,"stat.pickup.minecraft.redstone":1,"stat.pickup.minecraft.glass_pane":1,"stat.timeSinceDeath":266217,"stat.useItem.minecraft.sign":1,"stat.useItem.minecraft.wooden_slab":106}