{"stats":{"minecraft:killed":{"minecraft:bee":2},"minecraft:custom":{"minecraft:inspect_dropper":1,"minecraft:mob_kills":2,"minecraft:play_one_minute":1023644,"minecraft:open_shulker_box":9,"minecraft:interact_with_stonecutter":1,"minecraft:leave_game":21,"minecraft:time_since_death":481183,"minecraft:time_since_rest":481210,"minecraft:sprint_one_cm":18459,"minecraft:damage_taken":210,"minecraft:walk_one_cm":583564,"minecraft:drop":17,"minecraft:damage_dealt":260,"minecraft:fly_one_cm":3244766,"minecraft:open_chest":7,"minecraft:crouch_one_cm":18121,"minecraft:deaths":1,"minecraft:sneak_time":29281,"minecraft:jump":1175,"minecraft:inspect_dispenser":34},"minecraft:used":{"minecraft:oak_trapdoor":43,"minecraft:chiseled_polished_blackstone":797,"minecraft:dark_oak_stairs":1,"minecraft:iron_bars":170,"minecraft:dropper":1,"minecraft:flint_and_steel":1,"minecraft:armor_stand":2,"minecraft:yellow_shulker_box":8,"minecraft:dispenser":9,"minecraft:redstone":1830,"minecraft:lime_wool":227,"minecraft:oak_sign":5,"minecraft:white_concrete_powder":68,"minecraft:white_terracotta":210,"minecraft:stone":508,"minecraft:redstone_block":18,"minecraft:cauldron":1,"minecraft:diamond_axe":4,"minecraft:quartz_stairs":14,"minecraft:stonecutter":14,"minecraft:netherrack":5,"minecraft:bee_spawn_egg":2,"minecraft:torch":35,"minecraft:dirt":8,"minecraft:anvil":5,"minecraft:comparator":75,"minecraft:oak_slab":106,"minecraft:crimson_trapdoor":7,"minecraft:light_blue_wool":52,"minecraft:orange_wool":214,"minecraft:white_bed":6,"minecraft:nether_brick_slab":10,"minecraft:painting":42,"minecraft:warped_planks":30,"minecraft:nether_brick_stairs":1,"minecraft:dark_oak_door":5,"minecraft:milk_bucket":1,"minecraft:obsidian":13,"minecraft:redstone_torch":412,"minecraft:black_terracotta":120,"minecraft:sticky_piston":82,"minecraft:glass":10,"minecraft:dark_oak_planks":2,"minecraft:lever":74,"minecraft:sea_lantern":15,"minecraft:bookshelf":7,"minecraft:command_block":8,"minecraft:quartz_slab":9,"minecraft:lantern":12,"minecraft:grass_block":5,"minecraft:oak_button":9,"minecraft:slime_block":1,"minecraft:stone_button":4,"minecraft:quartz_block":32,"minecraft:lectern":7,"minecraft:spruce_trapdoor":4,"minecraft:crimson_planks":88,"minecraft:soul_lantern":8,"minecraft:item_frame":32,"minecraft:bedrock":656,"minecraft:repeater":256,"minecraft:glowstone":19,"minecraft:red_carpet":6,"minecraft:redstone_lamp":317,"minecraft:potion":3,"minecraft:written_book":32,"minecraft:iron_trapdoor":31,"minecraft:white_stained_glass":147,"minecraft:crimson_door":2,"minecraft:chain":4,"minecraft:glass_pane":29,"minecraft:white_concrete":1049,"minecraft:observer":29,"minecraft:polished_blackstone_stairs":20,"minecraft:soul_torch":1},"minecraft:picked_up":{"minecraft:yellow_shulker_box":2,"minecraft:redstone_block":1,"minecraft:repeater":4,"minecraft:redstone_lamp":2,"minecraft:potion":2,"minecraft:flint_and_steel":12,"minecraft:item_frame":4,"minecraft:sticky_piston":1,"minecraft:glass_pane":1,"minecraft:redstone_torch":88,"minecraft:written_book":1,"minecraft:observer":2,"minecraft:book":2,"minecraft:egg":1,"minecraft:dark_oak_door":1,"minecraft:stone":2,"minecraft:chiseled_polished_blackstone":2,"minecraft:torch":3,"minecraft:dropper":1,"minecraft:redstone":92,"minecraft:quartz_block":1,"minecraft:lever":13,"minecraft:oak_button":1,"minecraft:white_terracotta":1,"minecraft:obsidian":1,"minecraft:snowball":526},"minecraft:dropped":{"minecraft:chiseled_polished_blackstone":1,"minecraft:lever":2,"minecraft:observer":1,"minecraft:white_terracotta":1,"minecraft:glass_pane":1,"minecraft:redstone_lamp":2,"minecraft:stone":2,"minecraft:repeater":2,"minecraft:redstone_torch":2,"minecraft:redstone_block":1,"minecraft:redstone":2}},"DataVersion":2586}