{"stats":{"minecraft:used":{"minecraft:oak_trapdoor":43,"minecraft:chiseled_polished_blackstone":793,"minecraft:dark_oak_stairs":1,"minecraft:iron_bars":170,"minecraft:dropper":1,"minecraft:flint_and_steel":1,"minecraft:armor_stand":2,"minecraft:yellow_shulker_box":8,"minecraft:dispenser":9,"minecraft:redstone":949,"minecraft:oak_sign":5,"minecraft:white_concrete_powder":68,"minecraft:white_terracotta":210,"minecraft:stone":210,"minecraft:redstone_block":4,"minecraft:quartz_stairs":14,"minecraft:stonecutter":14,"minecraft:diamond_axe":4,"minecraft:netherrack":5,"minecraft:bee_spawn_egg":2,"minecraft:torch":35,"minecraft:dirt":8,"minecraft:anvil":5,"minecraft:comparator":58,"minecraft:oak_slab":106,"minecraft:crimson_trapdoor":7,"minecraft:white_bed":6,"minecraft:nether_brick_slab":10,"minecraft:painting":42,"minecraft:nether_brick_stairs":1,"minecraft:dark_oak_door":5,"minecraft:milk_bucket":1,"minecraft:obsidian":12,"minecraft:redstone_torch":210,"minecraft:black_terracotta":120,"minecraft:sticky_piston":74,"minecraft:glass":3,"minecraft:dark_oak_planks":2,"minecraft:lever":54,"minecraft:sea_lantern":15,"minecraft:bookshelf":7,"minecraft:command_block":8,"minecraft:quartz_slab":9,"minecraft:lantern":12,"minecraft:oak_button":9,"minecraft:quartz_block":32,"minecraft:lectern":7,"minecraft:spruce_trapdoor":4,"minecraft:soul_lantern":8,"minecraft:item_frame":32,"minecraft:bedrock":656,"minecraft:repeater":125,"minecraft:glowstone":19,"minecraft:red_carpet":6,"minecraft:redstone_lamp":23,"minecraft:potion":3,"minecraft:written_book":32,"minecraft:crimson_door":2,"minecraft:chain":4,"minecraft:glass_pane":29,"minecraft:white_concrete":1049,"minecraft:observer":12,"minecraft:polished_blackstone_stairs":20,"minecraft:soul_torch":1},"minecraft:killed":{"minecraft:bee":2},"minecraft:custom":{"minecraft:inspect_dropper":1,"minecraft:mob_kills":2,"minecraft:play_one_minute":639825,"minecraft:open_shulker_box":9,"minecraft:interact_with_stonecutter":1,"minecraft:leave_game":14,"minecraft:time_since_death":97364,"minecraft:time_since_rest":97391,"minecraft:sprint_one_cm":10303,"minecraft:damage_taken":210,"minecraft:walk_one_cm":381485,"minecraft:drop":5,"minecraft:damage_dealt":260,"minecraft:fly_one_cm":1647397,"minecraft:open_chest":7,"minecraft:crouch_one_cm":14623,"minecraft:deaths":1,"minecraft:sneak_time":18930,"minecraft:jump":837,"minecraft:inspect_dispenser":33},"minecraft:picked_up":{"minecraft:yellow_shulker_box":2,"minecraft:repeater":2,"minecraft:potion":2,"minecraft:flint_and_steel":12,"minecraft:sticky_piston":1,"minecraft:item_frame":4,"minecraft:glass_pane":1,"minecraft:redstone_torch":42,"minecraft:written_book":1,"minecraft:observer":1,"minecraft:book":2,"minecraft:egg":1,"minecraft:dark_oak_door":1,"minecraft:chiseled_polished_blackstone":2,"minecraft:torch":3,"minecraft:dropper":1,"minecraft:redstone":29,"minecraft:quartz_block":1,"minecraft:lever":12,"minecraft:oak_button":1,"minecraft:white_terracotta":1,"minecraft:obsidian":1,"minecraft:snowball":526},"minecraft:dropped":{"minecraft:chiseled_polished_blackstone":1,"minecraft:lever":1,"minecraft:white_terracotta":1,"minecraft:glass_pane":1,"minecraft:repeater":1}},"DataVersion":2586}