{"stats":{"minecraft:custom":{"minecraft:time_since_rest":218663,"minecraft:play_one_minute":234906,"minecraft:crouch_one_cm":319,"minecraft:walk_one_cm":23256,"minecraft:deaths":1,"minecraft:sneak_time":6233,"minecraft:drop":1,"minecraft:jump":112,"minecraft:leave_game":1,"minecraft:time_since_death":218646,"minecraft:talked_to_villager":3,"minecraft:fly_one_cm":373996},"minecraft:picked_up":{"minecraft:redstone_block":1,"minecraft:redstone":4},"minecraft:dropped":{"minecraft:redstone_block":1},"minecraft:used":{"minecraft:sticky_piston":244,"minecraft:bedrock":19,"minecraft:piston":19,"minecraft:honey_block":308,"minecraft:flint_and_steel":113,"minecraft:redstone":4,"minecraft:slime_block":320,"minecraft:stone":50,"minecraft:redstone_block":52,"minecraft:observer":405}},"DataVersion":2225}