{"stats":{"minecraft:killed":{"minecraft:pig":1,"minecraft:chicken":3},"minecraft:dropped":{"minecraft:porkchop":3,"minecraft:sticky_piston":1,"minecraft:chicken":1,"minecraft:yellow_terracotta":1,"minecraft:observer":5,"minecraft:villager_spawn_egg":1,"minecraft:comparator":1,"minecraft:slime_block":5,"minecraft:grass_block":1,"minecraft:diamond_sword":2,"minecraft:gray_wool":1,"minecraft:wither_skeleton_spawn_egg":2,"minecraft:oak_button":1,"minecraft:stone_button":1,"minecraft:dark_oak_trapdoor":2,"minecraft:honey_block":1,"minecraft:redstone_torch":8,"minecraft:bow":1,"minecraft:light_blue_terracotta":1,"minecraft:redstone":1,"minecraft:redstone_block":2,"minecraft:tropical_fish_bucket":1},"minecraft:custom":{"minecraft:interact_with_anvil":2,"minecraft:mob_kills":4,"minecraft:inspect_hopper":2,"minecraft:interact_with_cartography_table":1,"minecraft:play_one_minute":1573118,"minecraft:bell_ring":21,"minecraft:leave_game":13,"minecraft:time_since_death":1146835,"minecraft:time_since_rest":1146908,"minecraft:sprint_one_cm":1103,"minecraft:walk_one_cm":643504,"minecraft:drop":41,"minecraft:minecart_one_cm":7676,"minecraft:damage_dealt":388,"minecraft:talked_to_villager":4,"minecraft:fly_one_cm":2885467,"minecraft:open_chest":2,"minecraft:crouch_one_cm":12272,"minecraft:deaths":3,"minecraft:sneak_time":40232,"minecraft:walk_under_water_one_cm":919,"minecraft:jump":1336,"minecraft:walk_on_water_one_cm":2389,"minecraft:inspect_dispenser":2},"minecraft:picked_up":{"minecraft:black_carpet":27,"minecraft:feather":3,"minecraft:redstone_block":5,"minecraft:chicken":3,"minecraft:redstone_lamp":1,"minecraft:chest_minecart":3,"minecraft:orange_carpet":7,"minecraft:diamond_sword":1,"minecraft:bedrock":1,"minecraft:dark_oak_trapdoor":2,"minecraft:flint_and_steel":2,"minecraft:sticky_piston":3,"minecraft:beetroot":1,"minecraft:bow":1,"minecraft:redstone_torch":134,"minecraft:observer":5,"minecraft:poppy":1,"minecraft:minecart":1,"minecraft:coal_block":2,"minecraft:piston":2,"minecraft:egg":4,"minecraft:lime_wool":1,"minecraft:torch":134,"minecraft:porkchop":3,"minecraft:stone_button":33,"minecraft:redstone":11,"minecraft:wither_skeleton_spawn_egg":1,"minecraft:andesite_wall":1,"minecraft:dispenser":1,"minecraft:light_blue_terracotta":1,"minecraft:slime_block":7,"minecraft:honey_block":3,"minecraft:yellow_terracotta":2,"minecraft:gray_wool":2,"minecraft:oak_button":1,"minecraft:hopper":1,"minecraft:white_wool":1,"minecraft:rail":29},"minecraft:used":{"minecraft:cobblestone_stairs":10,"minecraft:flint_and_steel":135,"minecraft:dispenser":8,"minecraft:redstone":39,"minecraft:lime_wool":26,"minecraft:light_blue_terracotta":219,"minecraft:black_carpet":61,"minecraft:stone":266,"minecraft:wither_skeleton_spawn_egg":156,"minecraft:redstone_block":519,"minecraft:white_shulker_box":1,"minecraft:cooked_salmon":3,"minecraft:horse_spawn_egg":4,"minecraft:anvil":1,"minecraft:white_wool":82,"minecraft:torch":299,"minecraft:dark_oak_trapdoor":63,"minecraft:orange_carpet":6,"minecraft:rail":28,"minecraft:comparator":1,"minecraft:yellow_terracotta":238,"minecraft:hopper":20,"minecraft:red_sandstone_stairs":6,"minecraft:birch_fence":4,"minecraft:redstone_torch":391,"minecraft:andesite_wall":10,"minecraft:sticky_piston":1062,"minecraft:piston":293,"minecraft:honey_block":1361,"minecraft:villager_spawn_egg":1,"minecraft:quartz_slab":14,"minecraft:grass_block":33,"minecraft:stone_button":29,"minecraft:slime_block":1494,"minecraft:oak_button":1,"minecraft:chicken_spawn_egg":114,"minecraft:spruce_trapdoor":21,"minecraft:bedrock":257,"minecraft:repeater":13,"minecraft:diamond_sword":9,"minecraft:coal_block":166,"minecraft:redstone_lamp":19,"minecraft:snow":15,"minecraft:bow":3,"minecraft:white_stained_glass":23,"minecraft:minecart":13,"minecraft:glass_pane":2,"minecraft:gold_block":10,"minecraft:chest_minecart":16,"minecraft:tropical_fish_bucket":1,"minecraft:gray_wool":148,"minecraft:observer":1430}},"DataVersion":2225}