{"stat.pickup.minecraft.gray_shulker_box":1,"stat.useItem.minecraft.dispenser":1,"stat.useItem.minecraft.glass":1,"stat.walkOneCm":21968,"stat.useItem.minecraft.light_blue_shulker_box":1,"stat.useItem.minecraft.stone":124,"stat.useItem.minecraft.repeater":8,"stat.leaveGame":1,"stat.useItem.minecraft.observer":2,"stat.useItem.minecraft.wooden_button":4,"stat.useItem.minecraft.comparator":9,"stat.pickup.minecraft.light_blue_shulker_box":2,"stat.useItem.minecraft.lime_shulker_box":1,"stat.pickup.minecraft.yellow_shulker_box":2,"stat.pickup.minecraft.orange_shulker_box":1,"stat.pickup.minecraft.purple_shulker_box":2,"stat.dispenserInspected":13,"stat.useItem.minecraft.hopper":6,"stat.useItem.minecraft.white_shulker_box":3,"stat.pickup.minecraft.wooden_button":1,"stat.useItem.minecraft.purple_shulker_box":1,"stat.flyOneCm":15439,"stat.useItem.minecraft.yellow_shulker_box":1,"stat.drop":1,"stat.jump":56,"stat.pickup.minecraft.lime_shulker_box":1,"stat.playOneMinute":57490,"stat.pickup.minecraft.white_shulker_box":4,"stat.useItem.minecraft.gray_shulker_box":1,"stat.drop.minecraft.stone":1,"stat.useItem.minecraft.redstone":7,"stat.sneakTime":655,"stat.useItem.minecraft.piston":1,"stat.useItem.minecraft.orange_shulker_box":1,"stat.pickup.minecraft.pink_shulker_box":2,"stat.shulkerBoxOpened":12,"stat.pickup.minecraft.stone":1,"stat.crouchOneCm":254,"stat.useItem.minecraft.cyan_shulker_box":1,"stat.timeSinceDeath":57490,"stat.hopperInspected":7,"stat.pickup.minecraft.cyan_shulker_box":1,"stat.useItem.minecraft.pink_shulker_box":1}