{"stats":{"minecraft:killed":{"minecraft:villager":2},"minecraft:custom":{"minecraft:time_since_rest":22568,"minecraft:sprint_one_cm":753,"minecraft:damage_taken":840,"minecraft:walk_one_cm":121229,"minecraft:mob_kills":2,"minecraft:drop":4,"minecraft:damage_dealt":650,"minecraft:minecart_one_cm":121189,"minecraft:traded_with_villager":31,"minecraft:talked_to_villager":19,"minecraft:interact_with_cartography_table":3,"minecraft:fly_one_cm":611316,"minecraft:open_chest":31,"minecraft:crouch_one_cm":4288,"minecraft:play_one_minute":359180,"minecraft:deaths":3,"minecraft:sneak_time":7042,"minecraft:jump":436,"minecraft:leave_game":3,"minecraft:time_since_death":87757,"minecraft:sleep_in_bed":1,"minecraft:climb_one_cm":270},"minecraft:used":{"minecraft:redstone_torch":96,"minecraft:sticky_piston":8,"minecraft:lever":40,"minecraft:villager_spawn_egg":5,"minecraft:command_block":4,"minecraft:barrier":8,"minecraft:slime_block":76,"minecraft:grass_block":15,"minecraft:powered_rail":68,"minecraft:redstone":243,"minecraft:cartography_table":3,"minecraft:map":1,"minecraft:detector_rail":12,"minecraft:chest":1,"minecraft:stone":185,"minecraft:spruce_trapdoor":1,"minecraft:redstone_block":10,"minecraft:fletching_table":1,"minecraft:quartz_stairs":34,"minecraft:player_head":9,"minecraft:debug_stick":17,"minecraft:repeater":29,"minecraft:rail":2,"minecraft:comparator":2,"minecraft:vine":7,"minecraft:minecart":57,"minecraft:observer":36,"minecraft:birch_stairs":3},"minecraft:crafted":{"minecraft:emerald":24,"minecraft:map":2,"minecraft:gray_banner":1,"minecraft:orange_banner":4},"minecraft:dropped":{"minecraft:vine":1,"minecraft:repeater":1,"minecraft:barrier":1,"minecraft:redstone":1},"minecraft:picked_up":{"minecraft:barrier":1,"minecraft:repeater":1,"minecraft:filled_map":4,"minecraft:vine":1,"minecraft:redstone":9,"minecraft:detector_rail":7,"minecraft:lever":4,"minecraft:redstone_torch":14,"minecraft:powered_rail":21,"minecraft:rail":1}},"DataVersion":2586}