{"stats":{"minecraft:used":{"minecraft:turtle_spawn_egg":18,"minecraft:water_bucket":74,"minecraft:writable_book":5,"minecraft:sandstone_stairs":5,"minecraft:warped_fungus_on_a_stick":14,"minecraft:flint_and_steel":1,"minecraft:yellow_shulker_box":2,"minecraft:birch_planks":227,"minecraft:stripped_birch_log":59,"minecraft:pufferfish_spawn_egg":203,"minecraft:powered_rail":7,"minecraft:redstone":241,"minecraft:stripped_warped_stem":5,"minecraft:chest":4,"minecraft:stone":504,"minecraft:redstone_block":357,"minecraft:structure_void":14,"minecraft:quartz_stairs":4,"minecraft:smooth_sandstone_stairs":7,"minecraft:bee_spawn_egg":8,"minecraft:torch":5,"minecraft:brewing_stand":1,"minecraft:dirt":7,"minecraft:vine":9,"minecraft:rail":15,"minecraft:comparator":35,"minecraft:oak_slab":8,"minecraft:strider_spawn_egg":3,"minecraft:crafting_table":2,"minecraft:hopper":5,"minecraft:phantom_spawn_egg":17,"minecraft:yellow_carpet":35,"minecraft:note_block":3,"minecraft:obsidian":20,"minecraft:birch_door":10,"minecraft:redstone_torch":104,"minecraft:wandering_trader_spawn_egg":1,"minecraft:piston":118,"minecraft:sticky_piston":394,"minecraft:glass":153,"minecraft:dark_oak_planks":5,"minecraft:lever":61,"minecraft:flower_pot":1,"minecraft:honey_block":89,"minecraft:bookshelf":9,"minecraft:birch_slab":8,"minecraft:command_block":2,"minecraft:lantern":5,"minecraft:grass_block":43,"minecraft:slime_block":134,"minecraft:barrier":7,"minecraft:oak_button":9,"minecraft:stone_button":10,"minecraft:lectern":6,"minecraft:detector_rail":6,"minecraft:cyan_concrete":253,"minecraft:iron_door":12,"minecraft:piglin_brute_spawn_egg":3,"minecraft:cat_spawn_egg":25,"minecraft:bedrock":419,"minecraft:item_frame":66,"minecraft:birch_button":6,"minecraft:repeater":37,"minecraft:dolphin_spawn_egg":5,"minecraft:birch_trapdoor":8,"minecraft:redstone_lamp":397,"minecraft:potion":11,"minecraft:written_book":3,"minecraft:pufferfish_bucket":1,"minecraft:purple_bed":6,"minecraft:soul_soil":5,"minecraft:salmon_spawn_egg":10,"minecraft:minecart":5,"minecraft:glass_pane":149,"minecraft:yellow_bed":1,"minecraft:observer":206,"minecraft:turtle_egg":13,"minecraft:jukebox":2,"minecraft:splash_potion":108,"minecraft:birch_stairs":3,"minecraft:zoglin_spawn_egg":6},"minecraft:picked_up":{"minecraft:birch_door":1,"minecraft:yellow_shulker_box":2,"minecraft:salmon":6,"minecraft:birch_button":5,"minecraft:pufferfish":46,"minecraft:bone":1,"minecraft:comparator":1,"minecraft:redstone_torch":10,"minecraft:book":7,"minecraft:stone":1,"minecraft:redstone":2,"minecraft:arrow":2,"minecraft:slime_ball":18,"minecraft:rotten_flesh":1,"minecraft:lever":5,"minecraft:writable_book":2,"minecraft:bone_meal":5,"minecraft:oak_button":1,"minecraft:hopper":1},"minecraft:dropped":{"minecraft:oak_slab":1,"minecraft:vine":1,"minecraft:birch_planks":1,"minecraft:lever":5,"minecraft:detector_rail":1,"minecraft:jukebox":1,"minecraft:crafting_table":1,"minecraft:bookshelf":1,"minecraft:sandstone_stairs":1,"minecraft:book":17,"minecraft:lantern":1,"minecraft:comparator":1,"minecraft:rail":1,"minecraft:glass_pane":1,"minecraft:birch_slab":1,"minecraft:yellow_carpet":1,"minecraft:item_frame":1,"minecraft:lily_of_the_valley":2,"minecraft:turtle_egg":1,"minecraft:stone":2,"minecraft:oak_button":1,"minecraft:brewing_stand":1,"minecraft:birch_trapdoor":1,"minecraft:repeater":1,"minecraft:hopper":1,"minecraft:yellow_bed":1,"minecraft:chest":1,"minecraft:redstone_torch":3,"minecraft:stripped_birch_log":1,"minecraft:powered_rail":1,"minecraft:dark_oak_planks":1,"minecraft:birch_stairs":1,"minecraft:redstone":2},"minecraft:killed":{"minecraft:salmon":9,"minecraft:slime":2},"minecraft:custom":{"minecraft:mob_kills":12,"minecraft:inspect_hopper":6,"minecraft:tune_noteblock":10,"minecraft:play_one_minute":621091,"minecraft:open_shulker_box":2,"minecraft:pot_flower":2,"minecraft:leave_game":10,"minecraft:time_since_death":93165,"minecraft:sleep_in_bed":1,"minecraft:climb_one_cm":2176,"minecraft:time_since_rest":93198,"minecraft:walk_one_cm":339262,"minecraft:sprint_one_cm":10435,"minecraft:damage_taken":960,"minecraft:drop":51,"minecraft:damage_dealt":1488,"minecraft:talked_to_villager":1,"minecraft:fly_one_cm":1958996,"minecraft:open_chest":16,"minecraft:strider_one_cm":49959,"minecraft:crouch_one_cm":17069,"minecraft:deaths":6,"minecraft:sneak_time":17381,"minecraft:walk_under_water_one_cm":33897,"minecraft:interact_with_lectern":21,"minecraft:jump":1020,"minecraft:interact_with_brewingstand":1,"minecraft:walk_on_water_one_cm":11915}},"DataVersion":2586}