{"stats":{"minecraft:used":{"minecraft:turtle_spawn_egg":18,"minecraft:water_bucket":74,"minecraft:sandstone_stairs":5,"minecraft:warped_fungus_on_a_stick":14,"minecraft:flint_and_steel":1,"minecraft:birch_planks":227,"minecraft:stripped_birch_log":59,"minecraft:redstone":117,"minecraft:powered_rail":7,"minecraft:pufferfish_spawn_egg":203,"minecraft:chest":3,"minecraft:stone":377,"minecraft:structure_void":14,"minecraft:quartz_stairs":4,"minecraft:smooth_sandstone_stairs":7,"minecraft:bee_spawn_egg":8,"minecraft:torch":5,"minecraft:brewing_stand":1,"minecraft:vine":9,"minecraft:rail":15,"minecraft:comparator":7,"minecraft:oak_slab":8,"minecraft:strider_spawn_egg":3,"minecraft:crafting_table":2,"minecraft:phantom_spawn_egg":17,"minecraft:yellow_carpet":35,"minecraft:obsidian":20,"minecraft:birch_door":10,"minecraft:redstone_torch":47,"minecraft:wandering_trader_spawn_egg":1,"minecraft:glass":153,"minecraft:dark_oak_planks":5,"minecraft:lever":39,"minecraft:flower_pot":1,"minecraft:bookshelf":9,"minecraft:birch_slab":8,"minecraft:lantern":5,"minecraft:grass_block":1,"minecraft:barrier":7,"minecraft:detector_rail":6,"minecraft:iron_door":12,"minecraft:piglin_brute_spawn_egg":3,"minecraft:cat_spawn_egg":25,"minecraft:item_frame":32,"minecraft:birch_button":6,"minecraft:birch_trapdoor":8,"minecraft:repeater":18,"minecraft:dolphin_spawn_egg":5,"minecraft:redstone_lamp":12,"minecraft:potion":9,"minecraft:pufferfish_bucket":1,"minecraft:purple_bed":6,"minecraft:soul_soil":5,"minecraft:salmon_spawn_egg":10,"minecraft:minecart":5,"minecraft:glass_pane":146,"minecraft:yellow_bed":1,"minecraft:turtle_egg":13,"minecraft:jukebox":2,"minecraft:birch_stairs":3,"minecraft:zoglin_spawn_egg":6},"minecraft:custom":{"minecraft:mob_kills":9,"minecraft:play_one_minute":220491,"minecraft:pot_flower":2,"minecraft:leave_game":4,"minecraft:time_since_death":2197,"minecraft:climb_one_cm":1654,"minecraft:time_since_rest":2215,"minecraft:sprint_one_cm":7934,"minecraft:walk_one_cm":167279,"minecraft:drop":46,"minecraft:damage_dealt":1075,"minecraft:talked_to_villager":1,"minecraft:fly_one_cm":767810,"minecraft:open_chest":3,"minecraft:strider_one_cm":49959,"minecraft:crouch_one_cm":5850,"minecraft:deaths":2,"minecraft:sneak_time":6029,"minecraft:walk_under_water_one_cm":32968,"minecraft:jump":325,"minecraft:walk_on_water_one_cm":11828},"minecraft:dropped":{"minecraft:oak_slab":1,"minecraft:vine":1,"minecraft:birch_planks":1,"minecraft:lever":5,"minecraft:detector_rail":1,"minecraft:jukebox":1,"minecraft:crafting_table":1,"minecraft:bookshelf":1,"minecraft:sandstone_stairs":1,"minecraft:book":16,"minecraft:lantern":1,"minecraft:comparator":1,"minecraft:rail":1,"minecraft:glass_pane":1,"minecraft:birch_slab":1,"minecraft:yellow_carpet":1,"minecraft:item_frame":1,"minecraft:lily_of_the_valley":2,"minecraft:turtle_egg":1,"minecraft:stone":1,"minecraft:brewing_stand":1,"minecraft:birch_trapdoor":1,"minecraft:repeater":1,"minecraft:yellow_bed":1,"minecraft:chest":1,"minecraft:redstone_torch":3,"minecraft:stripped_birch_log":1,"minecraft:powered_rail":1,"minecraft:dark_oak_planks":1,"minecraft:birch_stairs":1,"minecraft:redstone":1},"minecraft:picked_up":{"minecraft:birch_door":1,"minecraft:salmon":6,"minecraft:birch_button":5,"minecraft:pufferfish":46,"minecraft:redstone_torch":3,"minecraft:book":6,"minecraft:redstone":1,"minecraft:slime_ball":3,"minecraft:lever":4,"minecraft:bone_meal":5},"minecraft:killed":{"minecraft:salmon":9}},"DataVersion":2586}