{"stats":{"minecraft:mined":{"minecraft:wall_torch":2,"minecraft:redstone_wall_torch":3},"minecraft:dropped":{"minecraft:porkchop":3,"minecraft:sticky_piston":1,"minecraft:chicken":1,"minecraft:yellow_terracotta":1,"minecraft:observer":5,"minecraft:villager_spawn_egg":1,"minecraft:comparator":1,"minecraft:slime_block":5,"minecraft:grass_block":2,"minecraft:redstone_lamp":1,"minecraft:diamond_sword":2,"minecraft:gray_wool":1,"minecraft:wither_skeleton_spawn_egg":2,"minecraft:oak_button":1,"minecraft:stone_button":1,"minecraft:dark_oak_trapdoor":2,"minecraft:honey_block":1,"minecraft:redstone_torch":8,"minecraft:bow":1,"minecraft:light_blue_terracotta":1,"minecraft:written_book":1,"minecraft:redstone":2,"minecraft:tropical_fish_bucket":1,"minecraft:redstone_block":2},"minecraft:custom":{"minecraft:mob_kills":4,"minecraft:interact_with_anvil":2,"minecraft:inspect_hopper":4,"minecraft:interact_with_cartography_table":1,"minecraft:tune_noteblock":338,"minecraft:fill_cauldron":14,"minecraft:play_one_minute":1861130,"minecraft:bell_ring":21,"minecraft:leave_game":17,"minecraft:time_since_death":1434847,"minecraft:time_since_rest":1434920,"minecraft:sprint_one_cm":1103,"minecraft:walk_one_cm":782309,"minecraft:drop":45,"minecraft:minecart_one_cm":8086,"minecraft:damage_dealt":486,"minecraft:talked_to_villager":4,"minecraft:fly_one_cm":3514522,"minecraft:open_chest":2,"minecraft:crouch_one_cm":13902,"minecraft:deaths":3,"minecraft:sneak_time":46381,"minecraft:walk_under_water_one_cm":919,"minecraft:interact_with_lectern":127,"minecraft:jump":1721,"minecraft:walk_on_water_one_cm":2593,"minecraft:fall_one_cm":211,"minecraft:use_cauldron":1,"minecraft:inspect_dispenser":2},"minecraft:picked_up":{"minecraft:black_carpet":27,"minecraft:feather":3,"minecraft:redstone_block":5,"minecraft:chicken":3,"minecraft:redstone_lamp":2,"minecraft:chest_minecart":3,"minecraft:orange_carpet":7,"minecraft:diamond_sword":1,"minecraft:bedrock":1,"minecraft:dark_oak_trapdoor":2,"minecraft:flint_and_steel":2,"minecraft:sticky_piston":3,"minecraft:beetroot":1,"minecraft:bow":1,"minecraft:comparator":1,"minecraft:redstone_torch":141,"minecraft:written_book":10,"minecraft:observer":5,"minecraft:poppy":1,"minecraft:rabbit":1,"minecraft:minecart":2,"minecraft:coal_block":2,"minecraft:chest":1,"minecraft:piston":2,"minecraft:egg":10,"minecraft:lime_wool":1,"minecraft:torch":143,"minecraft:porkchop":3,"minecraft:stone_button":34,"minecraft:grass_block":1,"minecraft:redstone":16,"minecraft:wither_skeleton_spawn_egg":1,"minecraft:andesite_wall":1,"minecraft:dispenser":1,"minecraft:light_blue_terracotta":1,"minecraft:slime_block":7,"minecraft:honey_block":3,"minecraft:light_blue_carpet":1,"minecraft:yellow_terracotta":2,"minecraft:gray_wool":2,"minecraft:oak_button":1,"minecraft:hopper":1,"minecraft:white_wool":1,"minecraft:rail":29},"minecraft:used":{"minecraft:light_blue_carpet":12,"minecraft:writable_book":2,"minecraft:cobblestone_stairs":10,"minecraft:flint_and_steel":144,"minecraft:dispenser":9,"minecraft:redstone":362,"minecraft:lime_wool":47,"minecraft:light_blue_terracotta":219,"minecraft:black_carpet":61,"minecraft:stone":304,"minecraft:black_shulker_box":8,"minecraft:wither_skeleton_spawn_egg":156,"minecraft:redstone_block":595,"minecraft:white_shulker_box":1,"minecraft:cauldron":15,"minecraft:cooked_salmon":3,"minecraft:horse_spawn_egg":4,"minecraft:white_wool":82,"minecraft:anvil":1,"minecraft:torch":315,"minecraft:dark_oak_trapdoor":77,"minecraft:orange_carpet":6,"minecraft:rail":31,"minecraft:comparator":78,"minecraft:yellow_terracotta":269,"minecraft:hopper":21,"minecraft:nether_bricks":1,"minecraft:gray_concrete":1,"minecraft:note_block":1,"minecraft:black_concrete_powder":48,"minecraft:end_stone":7,"minecraft:red_sandstone_stairs":6,"minecraft:black_terracotta":2,"minecraft:obsidian":8,"minecraft:birch_fence":4,"minecraft:andesite_wall":10,"minecraft:redstone_torch":405,"minecraft:sticky_piston":1137,"minecraft:glass":29,"minecraft:gray_terracotta":1,"minecraft:piston":313,"minecraft:dark_oak_planks":1,"minecraft:black_wool":41,"minecraft:honey_block":1445,"minecraft:black_concrete":66,"minecraft:dark_oak_log":1,"minecraft:villager_spawn_egg":1,"minecraft:command_block":1,"minecraft:quartz_slab":14,"minecraft:grass_block":100,"minecraft:stone_button":34,"minecraft:slime_block":1667,"minecraft:oak_button":1,"minecraft:lectern":15,"minecraft:chicken_spawn_egg":114,"minecraft:spruce_trapdoor":21,"minecraft:gray_concrete_powder":27,"minecraft:gravel":1,"minecraft:bedrock":287,"minecraft:repeater":98,"minecraft:diamond_sword":9,"minecraft:coal_block":221,"minecraft:redstone_lamp":42,"minecraft:snow":15,"minecraft:bow":3,"minecraft:written_book":19,"minecraft:dark_oak_fence":4,"minecraft:white_stained_glass":23,"minecraft:acacia_wood":24,"minecraft:minecart":14,"minecraft:glass_pane":2,"minecraft:gold_block":10,"minecraft:chest_minecart":19,"minecraft:egg":2,"minecraft:tropical_fish_bucket":1,"minecraft:gray_wool":182,"minecraft:observer":1574},"minecraft:killed":{"minecraft:pig":1,"minecraft:chicken":3}},"DataVersion":2225}