{"stats":{"minecraft:used":{"minecraft:redstone_torch":138,"minecraft:andesite_wall":10,"minecraft:sticky_piston":849,"minecraft:piston":178,"minecraft:honey_block":939,"minecraft:flint_and_steel":135,"minecraft:quartz_slab":14,"minecraft:grass_block":19,"minecraft:dispenser":7,"minecraft:slime_block":1125,"minecraft:redstone":18,"minecraft:lime_wool":26,"minecraft:stone_button":27,"minecraft:black_carpet":61,"minecraft:stone":266,"minecraft:redstone_block":324,"minecraft:bedrock":257,"minecraft:white_wool":82,"minecraft:torch":71,"minecraft:coal_block":148,"minecraft:dark_oak_trapdoor":61,"minecraft:redstone_lamp":17,"minecraft:rail":23,"minecraft:snow":15,"minecraft:yellow_terracotta":153,"minecraft:hopper":20,"minecraft:white_stained_glass":23,"minecraft:minecart":11,"minecraft:chest_minecart":13,"minecraft:gray_wool":148,"minecraft:observer":1214},"minecraft:dropped":{"minecraft:gray_wool":1,"minecraft:dark_oak_trapdoor":2,"minecraft:honey_block":1,"minecraft:observer":2,"minecraft:slime_block":5,"minecraft:redstone_block":2},"minecraft:picked_up":{"minecraft:black_carpet":13,"minecraft:redstone_block":3,"minecraft:torch":31,"minecraft:stone_button":18,"minecraft:redstone":6,"minecraft:dark_oak_trapdoor":2,"minecraft:sticky_piston":1,"minecraft:beetroot":1,"minecraft:slime_block":6,"minecraft:honey_block":2,"minecraft:redstone_torch":44,"minecraft:gray_wool":1,"minecraft:observer":3,"minecraft:piston":1,"minecraft:rail":14},"minecraft:custom":{"minecraft:time_since_rest":677310,"minecraft:sprint_one_cm":331,"minecraft:walk_one_cm":251549,"minecraft:drop":13,"minecraft:damage_dealt":10,"minecraft:inspect_hopper":2,"minecraft:minecart_one_cm":5950,"minecraft:talked_to_villager":3,"minecraft:fly_one_cm":1985429,"minecraft:crouch_one_cm":5326,"minecraft:play_one_minute":1103520,"minecraft:deaths":3,"minecraft:sneak_time":31057,"minecraft:jump":729,"minecraft:leave_game":7,"minecraft:time_since_death":677237,"minecraft:inspect_dispenser":1}},"DataVersion":2225}