{"stat.chestOpened":3,"stat.useItem.minecraft.sticky_piston":55,"stat.useItem.minecraft.quartz_block":30,"stat.pickup.minecraft.redstone_torch":8,"stat.useItem.minecraft.repeater":89,"stat.leaveGame":9,"stat.useItem.minecraft.bookshelf":7,"stat.useItem.minecraft.glowstone":19,"stat.jump":344,"stat.useItem.minecraft.concrete_powder":68,"stat.crouchOneCm":7326,"stat.useItem.minecraft.redstone_torch":80,"stat.useItem.minecraft.dirt":8,"stat.useItem.minecraft.glass":3,"stat.useItem.minecraft.redstone_lamp":12,"stat.pickup.minecraft.repeater":2,"stat.pickup.minecraft.yellow_shulker_box":1,"stat.useItem.minecraft.anvil":5,"stat.flyOneCm":632079,"stat.useItem.minecraft.yellow_shulker_box":8,"stat.pickup.minecraft.redstone":7,"stat.timeSinceDeath":350640,"stat.useItem.minecraft.sign":1,"stat.useItem.minecraft.wooden_slab":106,"stat.drop.minecraft.repeater":1,"stat.useItem.minecraft.command_block":8,"stat.walkOneCm":155685,"stat.useItem.minecraft.lever":34,"stat.useItem.minecraft.observer":7,"stat.useItem.minecraft.comparator":58,"stat.pickup.minecraft.wooden_button":1,"stat.useItem.minecraft.armor_stand":2,"stat.drop.minecraft.glass_pane":1,"stat.useItem.minecraft.redstone_block":4,"stat.useItem.minecraft.redstone":418,"stat.useItem.minecraft.item_frame":27,"stat.shulkerBoxOpened":9,"stat.useItem.minecraft.written_book":27,"stat.useItem.minecraft.trapdoor":43,"stat.sprintOneCm":267,"stat.useItem.minecraft.concrete":1047,"stat.useItem.minecraft.glass_pane":29,"stat.useItem.minecraft.dark_oak_door":3,"stat.useItem.minecraft.bed":6,"stat.useItem.minecraft.wooden_button":9,"stat.pickup.minecraft.lever":8,"stat.drop":2,"stat.pickup.minecraft.egg":1,"stat.playOneMinute":350640,"stat.sneakTime":10461,"stat.pickup.minecraft.glass_pane":1,"stat.pickup.minecraft.item_frame":4}