{"stat.useItem.minecraft.sticky_piston":7,"stat.useItem.minecraft.painting":13,"stat.useItem.minecraft.quartz_block":3,"stat.useItem.minecraft.repeater":2,"stat.useItem.minecraft.quartz_stairs":3,"stat.drop.minecraft.tripwire_hook":1,"stat.leaveGame":5,"stat.useItem.minecraft.skull":2,"stat.useItem.minecraft.carpet":20,"stat.useItem.minecraft.glowstone":20,"stat.useItem.minecraft.stained_glass_pane":11,"stat.jump":493,"stat.swimOneCm":5060,"stat.useItem.minecraft.iron_trapdoor":4,"stat.useItem.minecraft.planks":189,"stat.pickup.minecraft.glowstone":1,"stat.useItem.minecraft.piston":23,"stat.crouchOneCm":8103,"stat.useItem.minecraft.dirt":17,"stat.pickup.minecraft.painting":1,"stat.drop.minecraft.piston":2,"stat.useItem.minecraft.dispenser":1,"stat.useItem.minecraft.birch_boat":2,"stat.dispenserInspected":2,"stat.useItem.minecraft.rail":6,"stat.pickup.minecraft.slime":1,"stat.useItem.minecraft.slime":16,"stat.flyOneCm":65679,"stat.pickup.minecraft.concrete":5,"stat.useItem.minecraft.snow_layer":9,"stat.timeSinceDeath":25507,"stat.pickup.minecraft.piston":2,"stat.walkOneCm":111469,"stat.pickup.minecraft.dark_oak_door":1,"stat.useItem.minecraft.observer":4,"stat.useItem.minecraft.armor_stand":14,"stat.minecartOneCm":2804,"stat.pickup.minecraft.redstone_block":1,"stat.drop.minecraft.glass_pane":1,"stat.useItem.minecraft.minecart":6,"stat.useItem.minecraft.redstone_block":23,"stat.useItem.minecraft.redstone":4,"stat.drop.minecraft.slime":1,"stat.useItem.minecraft.trapdoor":13,"stat.sprintOneCm":92,"stat.useItem.minecraft.concrete":1303,"stat.useItem.minecraft.stone_stairs":12,"stat.useItem.minecraft.glass_pane":8,"stat.useItem.minecraft.dark_oak_door":12,"stat.useItem.minecraft.stone_slab":5,"stat.useItem.minecraft.tripwire_hook":1,"stat.pickup.minecraft.stone_stairs":1,"stat.useItem.minecraft.wooden_button":2,"stat.deaths":1,"stat.drop":6,"stat.pickup.minecraft.iron_door":1,"stat.playOneMinute":258142,"stat.pickup.minecraft.stone_button":1,"stat.sneakTime":7442,"stat.drop.minecraft.redstone_block":1,"stat.pickup.minecraft.glass_pane":1,"stat.useItem.minecraft.birch_stairs":6,"stat.diveOneCm":25100}