{"stat.useItem.minecraft.splash_potion":4,"stat.useItem.minecraft.sticky_piston":7,"stat.useItem.minecraft.painting":13,"stat.useItem.minecraft.quartz_block":5,"stat.useItem.minecraft.stone":20,"stat.horseOneCm":727,"stat.useItem.minecraft.repeater":2,"stat.useItem.minecraft.quartz_stairs":3,"stat.drop.minecraft.tripwire_hook":1,"stat.leaveGame":8,"stat.useItem.minecraft.skull":2,"stat.useItem.minecraft.carpet":20,"stat.useItem.minecraft.diamond_sword":12,"stat.useItem.minecraft.glowstone":128,"stat.useItem.minecraft.stained_glass_pane":11,"stat.jump":727,"stat.swimOneCm":5061,"stat.useItem.minecraft.iron_trapdoor":4,"stat.useItem.minecraft.planks":315,"stat.pickup.minecraft.glowstone":2,"stat.useItem.minecraft.piston":23,"stat.crouchOneCm":8451,"stat.useItem.minecraft.mycelium":1,"stat.useItem.minecraft.dirt":45,"stat.pickup.minecraft.painting":1,"stat.useItem.minecraft.stone_button":35,"stat.drop.minecraft.glowstone":1,"stat.drop.minecraft.piston":2,"stat.useItem.minecraft.water_bucket":2,"stat.useItem.minecraft.diamond_hoe":4,"stat.useItem.minecraft.dispenser":1,"stat.useItem.minecraft.glass":1,"stat.useItem.minecraft.stone_brick_stairs":43,"stat.useItem.minecraft.birch_boat":2,"stat.dispenserInspected":2,"stat.useItem.minecraft.rail":6,"stat.pickup.minecraft.slime":1,"stat.drop.minecraft.stone_button":2,"stat.tradedWithVillager":1,"stat.drop.minecraft.concrete":3,"stat.useItem.minecraft.slime":16,"stat.flyOneCm":192611,"stat.pickup.minecraft.concrete":8,"stat.killEntity.Villager":4,"stat.damageDealt":810,"stat.craftItem.minecraft.glass":5,"stat.useItem.minecraft.snow_layer":9,"stat.sleepInBed":1,"stat.timeSinceDeath":249539,"stat.useItem.minecraft.iron_door":22,"stat.pickup.minecraft.piston":2,"stat.useItem.minecraft.command_block":3,"stat.walkOneCm":328393,"stat.pickup.minecraft.dark_oak_door":1,"stat.useItem.minecraft.observer":4,"stat.useItem.minecraft.gravel":103,"stat.useItem.minecraft.armor_stand":14,"stat.minecartOneCm":3277,"stat.talkedToVillager":17,"stat.pickup.minecraft.redstone_block":1,"stat.drop.minecraft.glass_pane":1,"stat.useItem.minecraft.minecart":6,"stat.useItem.minecraft.redstone_block":24,"stat.useItem.minecraft.redstone":4,"stat.drop.minecraft.slime":1,"stat.useItem.minecraft.trapdoor":13,"stat.sprintOneCm":718,"stat.useItem.minecraft.stained_glass":26,"stat.useItem.minecraft.fence":43,"stat.useItem.minecraft.concrete":2861,"stat.useItem.minecraft.stone_stairs":44,"stat.useItem.minecraft.glass_pane":8,"stat.useItem.minecraft.dark_oak_door":21,"stat.useItem.minecraft.stone_slab":5,"stat.useItem.minecraft.acacia_fence":41,"stat.useItem.minecraft.tripwire_hook":1,"stat.useItem.minecraft.bed":10,"stat.pickup.minecraft.stone_stairs":1,"stat.useItem.minecraft.wooden_button":2,"stat.mobKills":4,"stat.deaths":1,"stat.drop":12,"stat.pickup.minecraft.iron_door":1,"stat.playOneMinute":482174,"stat.pickup.minecraft.stone_button":4,"stat.sneakTime":9200,"stat.drop.minecraft.redstone_block":1,"stat.pickup.minecraft.glass_pane":1,"stat.useItem.minecraft.birch_stairs":6,"stat.diveOneCm":25579}