{"stat.drop.minecraft.repeater":1,"stat.drop.minecraft.observer":2,"stat.walkOneCm":37213,"stat.useItem.minecraft.sticky_piston":62,"stat.useItem.minecraft.quartz_block":35,"stat.useItem.minecraft.stone":4,"stat.useItem.minecraft.repeater":12,"stat.leaveGame":4,"stat.useItem.minecraft.observer":40,"stat.useItem.minecraft.comparator":7,"stat.pickup.minecraft.redstone_lamp":1,"stat.killEntity.Creeper":1,"stat.jump":111,"stat.drop.minecraft.redstone_lamp":1,"stat.useItem.minecraft.redstone_block":76,"stat.drop.minecraft.sticky_piston":1,"stat.useItem.minecraft.item_frame":7,"stat.useItem.minecraft.redstone":61,"stat.crouchOneCm":107,"stat.drop.minecraft.slime":2,"stat.pickup.minecraft.sticky_piston":1,"stat.useItem.minecraft.redstone_torch":4,"stat.useItem.minecraft.dirt":52,"stat.sprintOneCm":19,"stat.boatOneCm":2495,"stat.useItem.minecraft.redstone_lamp":14,"stat.pickup.minecraft.repeater":1,"stat.useItem.minecraft.birch_boat":4,"stat.pickup.minecraft.observer":2,"stat.pickup.minecraft.slime":2,"stat.mobKills":1,"stat.useItem.minecraft.slime":83,"stat.flyOneCm":71890,"stat.deaths":1,"stat.drop":7,"stat.playOneMinute":138231,"stat.sneakTime":1478,"stat.damageDealt":196,"stat.pickup.minecraft.item_frame":2,"stat.timeSinceDeath":69951,"stat.useItem.minecraft.iron_door":1}