{"stat.drop.minecraft.observer":2,"stat.walkOneCm":24490,"stat.useItem.minecraft.sticky_piston":62,"stat.useItem.minecraft.quartz_block":35,"stat.useItem.minecraft.stone":4,"stat.useItem.minecraft.repeater":5,"stat.leaveGame":3,"stat.useItem.minecraft.observer":40,"stat.useItem.minecraft.comparator":1,"stat.killEntity.Creeper":1,"stat.jump":73,"stat.useItem.minecraft.redstone_block":76,"stat.drop.minecraft.sticky_piston":1,"stat.useItem.minecraft.item_frame":2,"stat.useItem.minecraft.redstone":15,"stat.crouchOneCm":26,"stat.drop.minecraft.slime":2,"stat.pickup.minecraft.sticky_piston":1,"stat.useItem.minecraft.dirt":19,"stat.boatOneCm":2495,"stat.useItem.minecraft.redstone_lamp":5,"stat.useItem.minecraft.birch_boat":4,"stat.pickup.minecraft.observer":2,"stat.pickup.minecraft.slime":2,"stat.mobKills":1,"stat.useItem.minecraft.slime":83,"stat.flyOneCm":61894,"stat.deaths":1,"stat.drop":5,"stat.playOneMinute":93776,"stat.sneakTime":1060,"stat.damageDealt":196,"stat.timeSinceDeath":25496}