{"stats":{"minecraft:dropped":{"minecraft:diamond":448},"minecraft:picked_up":{"minecraft:redstone_torch":2,"minecraft:diamond":448},"minecraft:custom":{"minecraft:jump":26,"minecraft:time_since_rest":38432,"minecraft:crouch_one_cm":499,"minecraft:play_one_minute":38432,"minecraft:leave_game":1,"minecraft:time_since_death":38432,"minecraft:walk_one_cm":7867,"minecraft:sneak_time":596,"minecraft:drop":259,"minecraft:fly_one_cm":18141},"minecraft:used":{"minecraft:redstone":65,"minecraft:sticky_piston":11,"minecraft:lever":5,"minecraft:repeater":3,"minecraft:stone":43,"minecraft:redstone_lamp":5,"minecraft:observer":4,"minecraft:redstone_torch":62,"minecraft:light_weighted_pressure_plate":1,"minecraft:grass_block":4}},"DataVersion":2225}