{"stat.walkOneCm":46726,"stat.useItem.minecraft.sticky_piston":135,"stat.useItem.minecraft.stone":13,"stat.useItem.minecraft.quartz_stairs":11,"stat.leaveGame":4,"stat.useItem.minecraft.observer":112,"stat.drop.minecraft.wool":1,"stat.useItem.minecraft.spruce_boat":1,"stat.minecartOneCm":1162,"stat.talkedToVillager":1,"stat.jump":240,"stat.useItem.minecraft.minecart":1,"stat.useItem.minecraft.redstone_block":47,"stat.drop.minecraft.sticky_piston":1,"stat.drop.minecraft.stone":1,"stat.useItem.minecraft.piston":35,"stat.pickup.minecraft.stone":1,"stat.crouchOneCm":1504,"stat.pickup.minecraft.sticky_piston":1,"stat.useItem.minecraft.dirt":42,"stat.useItem.minecraft.glass":1,"stat.boatOneCm":938,"stat.useItem.minecraft.rail":2,"stat.drop.minecraft.quartz_stairs":1,"stat.pickup.minecraft.quartz_stairs":1,"stat.useItem.minecraft.slime":151,"stat.flyOneCm":66350,"stat.useItem.minecraft.boat":1,"stat.deaths":3,"stat.drop":5,"stat.playOneMinute":142130,"stat.sneakTime":2830,"stat.pickup.minecraft.wool":1,"stat.drop.minecraft.redstone_block":1,"stat.useItem.minecraft.wool":28,"stat.timeSinceDeath":5400}