{"stat.walkOneCm":14532,"stat.useItem.minecraft.sticky_piston":81,"stat.leaveGame":2,"stat.useItem.minecraft.observer":58,"stat.drop.minecraft.wool":1,"stat.jump":72,"stat.useItem.minecraft.redstone_block":18,"stat.drop.minecraft.sticky_piston":1,"stat.useItem.minecraft.piston":4,"stat.crouchOneCm":430,"stat.pickup.minecraft.sticky_piston":1,"stat.useItem.minecraft.dirt":10,"stat.useItem.minecraft.glass":1,"stat.useItem.minecraft.slime":86,"stat.flyOneCm":18379,"stat.useItem.minecraft.boat":1,"stat.deaths":1,"stat.drop":2,"stat.playOneMinute":68896,"stat.sneakTime":1367,"stat.pickup.minecraft.wool":1,"stat.useItem.minecraft.wool":21,"stat.timeSinceDeath":24842}