{"stat.useItem.minecraft.slime":85,"stat.flyOneCm":15185,"stat.useItem.minecraft.glass":1,"stat.useItem.minecraft.boat":1,"stat.deaths":1,"stat.walkOneCm":14274,"stat.useItem.minecraft.sticky_piston":77,"stat.drop":2,"stat.jump":68,"stat.playOneMinute":62885,"stat.useItem.minecraft.redstone_block":17,"stat.drop.minecraft.sticky_piston":1,"stat.leaveGame":1,"stat.useItem.minecraft.observer":53,"stat.sneakTime":1324,"stat.pickup.minecraft.wool":1,"stat.crouchOneCm":423,"stat.useItem.minecraft.wool":21,"stat.timeSinceDeath":18831,"stat.pickup.minecraft.sticky_piston":1,"stat.useItem.minecraft.dirt":9,"stat.drop.minecraft.wool":1}