{"stat.dropperInspected":9,"stat.drop.minecraft.enchanting_table":1,"stat.walkOneCm":10850,"stat.useItem.minecraft.redstone_lamp":2,"stat.useItem.minecraft.stone":32,"stat.drop.minecraft.hopper":2,"stat.useItem.minecraft.repeater":2,"stat.leaveGame":1,"stat.useItem.minecraft.comparator":2,"stat.useItem.minecraft.wooden_button":1,"stat.drop.minecraft.dropper":2,"stat.pickup.minecraft.redstone_lamp":1,"stat.drop.minecraft.comparator":1,"stat.useItem.minecraft.hopper":14,"stat.flyOneCm":5230,"stat.drop":11,"stat.jump":60,"stat.drop.minecraft.redstone_lamp":2,"stat.playOneMinute":32572,"stat.useItem.minecraft.planks":13,"stat.drop.minecraft.stone":1,"stat.useItem.minecraft.redstone":10,"stat.sneakTime":817,"stat.useItem.minecraft.enchanting_table":2,"stat.drop.minecraft.wooden_button":1,"stat.drop.minecraft.planks":1,"stat.pickup.minecraft.hopper":1,"stat.crouchOneCm":597,"stat.timeSinceDeath":32572,"stat.hopperInspected":3,"stat.useItem.minecraft.dropper":5}