{"stat.drop.minecraft.repeater":1,"stat.chestOpened":37,"stat.dropperInspected":20,"stat.walkOneCm":8677,"stat.useItem.minecraft.chest":2,"stat.drop.minecraft.hopper":1,"stat.useItem.minecraft.stone":4,"stat.pickup.minecraft.repeater":1,"stat.useItem.minecraft.repeater":4,"stat.leaveGame":1,"stat.useItem.minecraft.wooden_button":1,"stat.drop.minecraft.dropper":1,"stat.useItem.minecraft.hopper":4,"stat.useItem.minecraft.anvil":1,"stat.flyOneCm":1391,"stat.drop":3,"stat.jump":15,"stat.playOneMinute":72532,"stat.useItem.minecraft.redstone":9,"stat.sneakTime":155,"stat.crouchOneCm":117,"stat.timeSinceDeath":72532,"stat.pickup.minecraft.dropper":1,"stat.useItem.minecraft.dropper":3,"stat.hopperInspected":15}