{"stat.chestOpened":30,"stat.useItem.minecraft.sticky_piston":5,"stat.pickup.minecraft.redstone_torch":3,"stat.useItem.minecraft.repeater":11,"stat.leaveGame":2,"stat.jump":116,"stat.useItem.minecraft.planks":84,"stat.crouchOneCm":865,"stat.pickup.minecraft.rail":2,"stat.useItem.minecraft.redstone_torch":18,"stat.useItem.minecraft.dirt":51,"stat.dropperInspected":1,"stat.useItem.minecraft.golden_rail":37,"stat.brewingstandInteraction":4,"stat.useItem.minecraft.rail":19,"stat.useItem.minecraft.furnace":3,"stat.pickup.minecraft.planks":4,"stat.flyOneCm":224575,"stat.pickup.minecraft.potato":4,"stat.pickup.minecraft.redstone":1,"stat.timeSinceDeath":72390,"stat.hopperInspected":32,"stat.walkOneCm":45479,"stat.useItem.minecraft.chest":6,"stat.useItem.minecraft.comparator":4,"stat.pickup.minecraft.record_far":1,"stat.furnaceInteraction":9,"stat.useItem.minecraft.chest_minecart":19,"stat.useItem.minecraft.redstone":45,"stat.drop.minecraft.planks":1,"stat.pickup.minecraft.hopper":1,"stat.useItem.minecraft.dropper":2,"stat.useItem.minecraft.trapdoor":8,"stat.sprintOneCm":53,"stat.pickup.minecraft.chest_minecart":2,"stat.useItem.minecraft.wooden_button":2,"stat.drop.minecraft.chest_minecart":1,"stat.useItem.minecraft.hopper":11,"stat.drop":2,"stat.useItem.minecraft.hopper_minecart":5,"stat.playOneMinute":72390,"stat.sneakTime":3658,"stat.useItem.minecraft.brewing_stand":2,"stat.useItem.minecraft.jukebox":4,"stat.pickup.minecraft.golden_rail":5}