{"stat.flyOneCm":32085,"stat.pickup.minecraft.lever":1,"stat.walkOneCm":5940,"stat.drop":2,"stat.useItem.minecraft.sticky_piston":13,"stat.jump":16,"stat.playOneMinute":78125,"stat.useItem.minecraft.lever":18,"stat.drop.minecraft.lever":1,"stat.pickup.minecraft.redstone_torch":6,"stat.useItem.minecraft.stone":37,"stat.useItem.minecraft.redstone":72,"stat.useItem.minecraft.repeater":8,"stat.leaveGame":1,"stat.sneakTime":896,"stat.useItem.minecraft.comparator":2,"stat.pickup.minecraft.redstone":8,"stat.crouchOneCm":421,"stat.timeSinceDeath":78125,"stat.useItem.minecraft.redstone_torch":14,"stat.drop.minecraft.redstone":1}