{"stat.drop.minecraft.repeater":1,"stat.flyOneCm":155565,"stat.walkOneCm":9313,"stat.drop":3,"stat.jump":33,"stat.playOneMinute":98890,"stat.useItem.minecraft.lever":77,"stat.useItem.minecraft.redstone_lamp":53,"stat.pickup.minecraft.repeater":1,"stat.useItem.minecraft.stone":192,"stat.drop.minecraft.stone":1,"stat.useItem.minecraft.repeater":110,"stat.useItem.minecraft.redstone":130,"stat.leaveGame":1,"stat.sneakTime":3852,"stat.damageDealt":15,"stat.pickup.minecraft.stone":1,"stat.pickup.minecraft.redstone":3,"stat.crouchOneCm":2573,"stat.timeSinceDeath":98890,"stat.drop.minecraft.redstone":1}