{"stat.chestOpened":44,"stat.useItem.minecraft.stone":18,"stat.craftItem.minecraft.carpet":3,"stat.leaveGame":2,"stat.pickup.minecraft.iron_sword":1,"stat.craftItem.minecraft.cooked_porkchop":9,"stat.mineBlock.minecraft.yellow_flower":1,"stat.useItem.minecraft.carpet":1,"stat.useItem.minecraft.sand":5,"stat.jump":309,"stat.swimOneCm":2747,"stat.fallOneCm":6246,"stat.useItem.minecraft.planks":78,"stat.pickup.minecraft.porkchop":9,"stat.crouchOneCm":1744,"stat.craftItem.minecraft.chest":1,"stat.craftItem.minecraft.iron_ingot":6,"stat.pickup.minecraft.dirt":44,"stat.useItem.minecraft.dirt":10,"stat.drop.minecraft.iron_sword":1,"stat.craftingTableInteraction":19,"stat.pickup.minecraft.iron_ore":6,"stat.pickup.minecraft.sand":27,"stat.useItem.minecraft.glass":4,"stat.craftItem.minecraft.furnace":1,"stat.useItem.minecraft.sapling":1,"stat.useItem.minecraft.egg":1,"stat.damageTaken":340,"stat.pickup.minecraft.feather":5,"stat.craftItem.minecraft.stone_pickaxe":1,"stat.useItem.minecraft.wooden_pickaxe":42,"stat.useItem.minecraft.furnace":1,"stat.craftItem.minecraft.cooked_beef":1,"stat.pickup.minecraft.cobblestone":74,"stat.pickup.minecraft.planks":7,"stat.flyOneCm":2593,"stat.pickup.minecraft.wheat_seeds":3,"stat.mineBlock.minecraft.sand":27,"stat.useItem.minecraft.stone_pickaxe":92,"stat.damageDealt":1375,"stat.craftItem.minecraft.glass":4,"stat.mineBlock.minecraft.iron_ore":6,"stat.sleepInBed":6,"stat.timeSinceDeath":51747,"stat.killEntity.Cow":1,"stat.drop.minecraft.log":2,"stat.useItem.minecraft.crafting_table":2,"stat.mineBlock.minecraft.dirt":50,"stat.craftItem.minecraft.wooden_pickaxe":1,"stat.killEntity.Pig":5,"stat.pickup.minecraft.mutton":7,"stat.craftItem.minecraft.iron_sword":1,"stat.walkOneCm":214114,"stat.craftItem.minecraft.bed":1,"stat.useItem.minecraft.chest":1,"stat.useItem.minecraft.log":1,"stat.pickup.minecraft.crafting_table":1,"stat.craftItem.minecraft.crafting_table":1,"stat.furnaceInteraction":13,"stat.useItem.minecraft.cooked_porkchop":1,"stat.pickup.minecraft.log":35,"stat.pickup.minecraft.beef":1,"stat.useItem.minecraft.yellow_flower":1,"stat.pickup.minecraft.stone":52,"stat.pickup.minecraft.chicken":7,"stat.pickup.minecraft.sapling":7,"stat.sprintOneCm":5246,"stat.pickup.minecraft.wooden_door":1,"stat.pickup.minecraft.apple":1,"stat.craftItem.minecraft.stick":16,"stat.useItem.minecraft.bed":1,"stat.craftItem.minecraft.planks":128,"stat.useItem.minecraft.iron_sword":38,"stat.killEntity.Chicken":7,"stat.mineBlock.minecraft.crafting_table":1,"stat.mobKills":19,"stat.mineBlock.minecraft.log":33,"stat.craftItem.minecraft.wooden_door":3,"stat.craftItem.minecraft.cooked_chicken":7,"stat.useItem.minecraft.wooden_door":2,"stat.mineBlock.minecraft.planks":7,"stat.deaths":1,"stat.drop":3,"stat.mineBlock.minecraft.leaves":144,"stat.pickup.minecraft.egg":2,"stat.playOneMinute":86068,"stat.killEntity.Sheep":5,"stat.sneakTime":593,"stat.craftItem.minecraft.iron_pickaxe":1,"stat.pickup.minecraft.wool":5,"stat.pickup.minecraft.yellow_flower":1,"stat.mineBlock.minecraft.stone":127,"stat.mineBlock.minecraft.tallgrass":13,"stat.craftItem.minecraft.cooked_mutton":7,"stat.diveOneCm":16113}