{"stat.useItem.minecraft.slime":252,"stat.flyOneCm":118968,"stat.deaths":1,"stat.walkOneCm":4615,"stat.useItem.minecraft.acacia_fence":15,"stat.useItem.minecraft.sticky_piston":93,"stat.drop":2,"stat.jump":87,"stat.useItem.minecraft.minecart":24,"stat.playOneMinute":95431,"stat.useItem.minecraft.redstone_block":23,"stat.leaveGame":1,"stat.sneakTime":2202,"stat.useItem.minecraft.observer":119,"stat.crouchOneCm":63,"stat.drop.minecraft.slime":2,"stat.pickup.minecraft.rail":4,"stat.timeSinceDeath":30047,"stat.useItem.minecraft.rail":19,"stat.pickup.minecraft.slime":1,"stat.minecartOneCm":9984,"stat.talkedToVillager":3}