{"stat.walkOneCm":8429,"stat.useItem.minecraft.sticky_piston":25,"stat.useItem.minecraft.lever":29,"stat.pickup.minecraft.redstone_torch":10,"stat.useItem.minecraft.stone":53,"stat.useItem.minecraft.repeater":13,"stat.leaveGame":5,"stat.useItem.minecraft.observer":11,"stat.useItem.minecraft.comparator":19,"stat.drop.minecraft.redstone":1,"stat.jump":40,"stat.useItem.minecraft.redstone_block":5,"stat.useItem.minecraft.redstone":191,"stat.crouchOneCm":526,"stat.drop.minecraft.slime":1,"stat.useItem.minecraft.redstone_torch":26,"stat.drop.minecraft.lever":1,"stat.useItem.minecraft.redstone_lamp":7,"stat.pickup.minecraft.slime":1,"stat.useItem.minecraft.slime":26,"stat.flyOneCm":132813,"stat.pickup.minecraft.lever":1,"stat.drop":3,"stat.playOneMinute":191379,"stat.sneakTime":3074,"stat.pickup.minecraft.redstone":8,"stat.timeSinceDeath":191379}