{"stat.walkOneCm":19381,"stat.useItem.minecraft.sticky_piston":32,"stat.pickup.minecraft.redstone_torch":1,"stat.leaveGame":4,"stat.useItem.minecraft.observer":49,"stat.useItem.minecraft.wooden_button":3,"stat.useItem.minecraft.slime":36,"stat.flyOneCm":9893,"stat.useItem.minecraft.bedrock":11,"stat.jump":145,"stat.playOneMinute":69518,"stat.useItem.minecraft.planks":70,"stat.useItem.minecraft.redstone":16,"stat.sneakTime":2258,"stat.crouchOneCm":994,"stat.timeSinceDeath":69518,"stat.useItem.minecraft.redstone_torch":3,"stat.useItem.minecraft.dirt":23}