{"stat.walkOneCm":16307,"stat.useItem.minecraft.sticky_piston":31,"stat.pickup.minecraft.redstone_torch":1,"stat.leaveGame":3,"stat.useItem.minecraft.observer":49,"stat.useItem.minecraft.wooden_button":3,"stat.useItem.minecraft.slime":29,"stat.flyOneCm":8073,"stat.useItem.minecraft.bedrock":11,"stat.jump":132,"stat.playOneMinute":61337,"stat.useItem.minecraft.planks":67,"stat.useItem.minecraft.redstone":16,"stat.sneakTime":2084,"stat.crouchOneCm":963,"stat.timeSinceDeath":61337,"stat.useItem.minecraft.redstone_torch":3,"stat.useItem.minecraft.dirt":23}