{"stat.useItem.minecraft.command_block":1,"stat.walkOneCm":23338,"stat.useItem.minecraft.sticky_piston":32,"stat.pickup.minecraft.redstone_torch":1,"stat.leaveGame":6,"stat.useItem.minecraft.observer":49,"stat.talkedToVillager":7,"stat.useItem.minecraft.bedrock":11,"stat.jump":150,"stat.useItem.minecraft.planks":70,"stat.useItem.minecraft.redstone":16,"stat.crouchOneCm":995,"stat.useItem.minecraft.redstone_torch":14,"stat.useItem.minecraft.dirt":23,"stat.useItem.minecraft.wooden_button":3,"stat.mobKills":1,"stat.useItem.minecraft.slime":36,"stat.flyOneCm":10589,"stat.pickup.minecraft.diamond":1,"stat.playOneMinute":134121,"stat.sneakTime":2345,"stat.killEntity.Villager":1,"stat.damageDealt":201,"stat.timeSinceDeath":134121}