{"stat.flyOneCm":14030,"stat.pickup.minecraft.lever":1,"stat.walkOneCm":5773,"stat.jump":16,"stat.playOneMinute":14397,"stat.useItem.minecraft.lever":6,"stat.useItem.minecraft.redstone_lamp":6,"stat.pickup.minecraft.redstone_torch":2,"stat.useItem.minecraft.stone":5,"stat.useItem.minecraft.redstone":49,"stat.useItem.minecraft.repeater":14,"stat.leaveGame":1,"stat.sneakTime":346,"stat.useItem.minecraft.observer":13,"stat.useItem.minecraft.comparator":1,"stat.damageDealt":10,"stat.pickup.minecraft.redstone":1,"stat.crouchOneCm":73,"stat.timeSinceDeath":14397,"stat.useItem.minecraft.redstone_torch":5}