{"stat.drop.minecraft.repeater":1,"stat.useItem.minecraft.noteblock":6,"stat.walkOneCm":23294,"stat.useItem.minecraft.sticky_piston":26,"stat.pickup.minecraft.redstone_torch":10,"stat.useItem.minecraft.stone":411,"stat.useItem.minecraft.repeater":139,"stat.leaveGame":9,"stat.useItem.minecraft.observer":13,"stat.drop.minecraft.redstone":1,"stat.pickup.minecraft.wooden_button":1,"stat.jump":85,"stat.useItem.minecraft.redstone_block":2,"stat.drop.minecraft.stone":1,"stat.useItem.minecraft.redstone":176,"stat.useItem.minecraft.piston":12,"stat.pickup.minecraft.stone":1,"stat.crouchOneCm":271,"stat.useItem.minecraft.redstone_torch":56,"stat.useItem.minecraft.stone_button":3,"stat.sprintOneCm":36,"stat.useItem.minecraft.redstone_lamp":62,"stat.pickup.minecraft.repeater":3,"stat.useItem.minecraft.wooden_button":16,"stat.noteblockTuned":23,"stat.useItem.minecraft.slime":14,"stat.flyOneCm":440736,"stat.drop":3,"stat.playOneMinute":201340,"stat.pickup.minecraft.stone_button":1,"stat.sneakTime":4056,"stat.pickup.minecraft.redstone":8,"stat.timeSinceDeath":201340,"stat.useItem.minecraft.sign":3}