{"stat.drop.minecraft.repeater":1,"stat.useItem.minecraft.noteblock":6,"stat.walkOneCm":18436,"stat.useItem.minecraft.sticky_piston":26,"stat.pickup.minecraft.redstone_torch":10,"stat.useItem.minecraft.stone":411,"stat.useItem.minecraft.repeater":139,"stat.leaveGame":6,"stat.useItem.minecraft.observer":13,"stat.drop.minecraft.redstone":1,"stat.pickup.minecraft.wooden_button":1,"stat.jump":73,"stat.useItem.minecraft.redstone_block":2,"stat.drop.minecraft.stone":1,"stat.useItem.minecraft.redstone":151,"stat.useItem.minecraft.piston":12,"stat.pickup.minecraft.stone":1,"stat.crouchOneCm":269,"stat.useItem.minecraft.redstone_torch":56,"stat.useItem.minecraft.stone_button":3,"stat.useItem.minecraft.redstone_lamp":34,"stat.pickup.minecraft.repeater":3,"stat.useItem.minecraft.wooden_button":16,"stat.noteblockTuned":23,"stat.useItem.minecraft.slime":14,"stat.flyOneCm":379224,"stat.drop":3,"stat.playOneMinute":185052,"stat.pickup.minecraft.stone_button":1,"stat.sneakTime":3656,"stat.pickup.minecraft.redstone":8,"stat.timeSinceDeath":185052,"stat.useItem.minecraft.sign":3}