{"stat.useItem.minecraft.noteblock":1,"stat.walkOneCm":9706,"stat.useItem.minecraft.sticky_piston":26,"stat.useItem.minecraft.redstone_lamp":14,"stat.pickup.minecraft.redstone_torch":3,"stat.useItem.minecraft.stone":236,"stat.useItem.minecraft.repeater":49,"stat.leaveGame":2,"stat.useItem.minecraft.observer":13,"stat.useItem.minecraft.wooden_button":11,"stat.useItem.minecraft.slime":14,"stat.flyOneCm":126368,"stat.jump":35,"stat.playOneMinute":85100,"stat.pickup.minecraft.stone_button":1,"stat.useItem.minecraft.redstone_block":2,"stat.useItem.minecraft.redstone":85,"stat.sneakTime":1257,"stat.useItem.minecraft.piston":12,"stat.pickup.minecraft.redstone":1,"stat.crouchOneCm":136,"stat.timeSinceDeath":85100,"stat.useItem.minecraft.redstone_torch":6,"stat.useItem.minecraft.stone_button":3}