{"stat.walkOneCm":580,"stat.useItem.minecraft.sticky_piston":20,"stat.leaveGame":3,"stat.useItem.minecraft.observer":3,"stat.pickup.minecraft.redstone_block":1,"stat.useItem.minecraft.slime":15,"stat.flyOneCm":4933,"stat.drop":2,"stat.jump":22,"stat.playOneMinute":35926,"stat.useItem.minecraft.redstone_block":129,"stat.drop.minecraft.sticky_piston":1,"stat.sneakTime":324,"stat.drop.minecraft.redstone_block":1,"stat.crouchOneCm":42,"stat.timeSinceDeath":35926,"stat.pickup.minecraft.sticky_piston":1,"stat.useItem.minecraft.dirt":26}