{"stats":{"minecraft:picked_up":{"minecraft:leather":2,"minecraft:lead":1,"minecraft:lever":1,"minecraft:redstone_torch":44,"minecraft:redstone":28},"minecraft:used":{"minecraft:redstone_torch":212,"minecraft:glass":37,"minecraft:lever":63,"minecraft:repeater":242,"minecraft:redstone_lamp":36,"minecraft:acacia_sign":4,"minecraft:grass_block":40,"minecraft:redstone":1091,"minecraft:lime_wool":85,"minecraft:stone":426,"minecraft:diamond_axe":6},"minecraft:custom":{"minecraft:time_since_rest":302311,"minecraft:play_one_minute":302311,"minecraft:crouch_one_cm":592,"minecraft:walk_one_cm":64197,"minecraft:sneak_time":11304,"minecraft:mob_kills":1,"minecraft:jump":142,"minecraft:damage_dealt":410,"minecraft:leave_game":2,"minecraft:time_since_death":302311,"minecraft:fly_one_cm":857065},"minecraft:killed":{"minecraft:trader_llama":1}},"DataVersion":2225}