{"stat.useItem.minecraft.slime":65,"stat.flyOneCm":53662,"stat.walkOneCm":8936,"stat.useItem.minecraft.sticky_piston":35,"stat.drop":1,"stat.jump":45,"stat.useItem.minecraft.minecart":5,"stat.playOneMinute":48072,"stat.useItem.minecraft.stone":32,"stat.drop.minecraft.sticky_piston":1,"stat.leaveGame":1,"stat.useItem.minecraft.observer":53,"stat.sneakTime":584,"stat.damageDealt":10,"stat.crouchOneCm":118,"stat.pickup.minecraft.rail":2,"stat.timeSinceDeath":48072,"stat.useItem.minecraft.rail":5,"stat.pickup.minecraft.sticky_piston":1,"stat.minecartOneCm":758}