{"stat.flyOneCm":95736,"stat.walkOneCm":5114,"stat.useItem.minecraft.sticky_piston":6,"stat.jump":50,"stat.playOneMinute":51529,"stat.useItem.minecraft.lever":29,"stat.useItem.minecraft.redstone_lamp":12,"stat.pickup.minecraft.redstone_torch":2,"stat.useItem.minecraft.redstone_block":4,"stat.useItem.minecraft.stone":23,"stat.useItem.minecraft.redstone":43,"stat.useItem.minecraft.repeater":19,"stat.leaveGame":1,"stat.sneakTime":2208,"stat.useItem.minecraft.observer":5,"stat.pickup.minecraft.redstone":1,"stat.crouchOneCm":510,"stat.timeSinceDeath":51529,"stat.useItem.minecraft.redstone_torch":18,"stat.sprintOneCm":62}