{"stats":{"minecraft:used":{"minecraft:oak_log":234,"minecraft:peony":1,"minecraft:dark_oak_planks":4,"minecraft:cornflower":3,"minecraft:stone_brick_slab":19,"minecraft:dark_oak_stairs":42,"minecraft:trident":3,"minecraft:wooden_hoe":7,"minecraft:flower_pot":7,"minecraft:jungle_leaves":12,"minecraft:rose_bush":1,"minecraft:iron_bars":17,"minecraft:bricks":24,"minecraft:bookshelf":6,"minecraft:dark_oak_log":13,"minecraft:birch_leaves":6,"minecraft:birch_planks":3,"minecraft:smooth_quartz_slab":58,"minecraft:birch_slab":33,"minecraft:stripped_birch_log":15,"minecraft:lantern":1,"minecraft:grass_block":75,"minecraft:blue_orchid":6,"minecraft:polished_andesite":38,"minecraft:brick_stairs":5,"minecraft:oak_planks":236,"minecraft:oak_sign":4,"minecraft:chest":5,"minecraft:lectern":1,"minecraft:green_banner":4,"minecraft:spruce_planks":38,"minecraft:dark_oak_leaves":21,"minecraft:cut_sandstone":90,"minecraft:dark_oak_slab":2,"minecraft:smooth_quartz":73,"minecraft:cauldron":1,"minecraft:prismarine_wall":1,"minecraft:green_bed":3,"minecraft:quartz_stairs":166,"minecraft:grass":2,"minecraft:stone_brick_stairs":5,"minecraft:farmland":3,"minecraft:oak_door":5,"minecraft:item_frame":9,"minecraft:oak_leaves":1,"minecraft:spruce_leaves":4,"minecraft:torch":5,"minecraft:birch_trapdoor":6,"minecraft:dark_oak_trapdoor":1,"minecraft:dirt":1,"minecraft:cobblestone":94,"minecraft:oak_slab":29,"minecraft:crafting_table":9,"minecraft:red_bed":3,"minecraft:prismarine_bricks":2,"minecraft:dark_oak_fence":3,"minecraft:white_stained_glass_pane":13,"minecraft:spruce_stairs":4,"minecraft:beetroot_seeds":2,"minecraft:white_stained_glass":2,"minecraft:grass_path":7,"minecraft:gold_block":1,"minecraft:acacia_leaves":9,"minecraft:campfire":1,"minecraft:skeleton_skull":2,"minecraft:sea_pickle":6,"minecraft:painting":66,"minecraft:infested_stone_bricks":2,"minecraft:spruce_fence":11,"minecraft:light_blue_stained_glass":10,"minecraft:turtle_egg":9,"minecraft:spruce_log":348,"minecraft:bone_meal":7,"minecraft:stripped_spruce_log":10},"minecraft:custom":{"minecraft:time_since_rest":192147,"minecraft:walk_one_cm":81075,"minecraft:drop":3,"minecraft:fly_one_cm":553599,"minecraft:crouch_one_cm":3064,"minecraft:play_one_minute":192147,"minecraft:sneak_time":4468,"minecraft:pot_flower":6,"minecraft:jump":282,"minecraft:leave_game":4,"minecraft:time_since_death":192147},"minecraft:dropped":{"minecraft:grass_path":1,"minecraft:spruce_log":1,"minecraft:acacia_leaves":3},"minecraft:picked_up":{"minecraft:oak_door":1,"minecraft:acacia_leaves":3,"minecraft:spruce_log":1,"minecraft:wheat_seeds":1,"minecraft:painting":1}},"DataVersion":2586}