{"stat.walkOneCm":5617,"stat.useItem.minecraft.sticky_piston":6,"stat.useItem.minecraft.lever":29,"stat.useItem.minecraft.redstone_lamp":12,"stat.pickup.minecraft.redstone_torch":4,"stat.useItem.minecraft.stone":25,"stat.useItem.minecraft.repeater":25,"stat.leaveGame":2,"stat.useItem.minecraft.observer":15,"stat.flyOneCm":118540,"stat.jump":52,"stat.playOneMinute":59918,"stat.useItem.minecraft.redstone_block":4,"stat.useItem.minecraft.redstone":48,"stat.sneakTime":2588,"stat.pickup.minecraft.redstone":1,"stat.crouchOneCm":519,"stat.timeSinceDeath":59918,"stat.useItem.minecraft.redstone_torch":18,"stat.sprintOneCm":62}