{"stats":{"minecraft:custom":{"minecraft:jump":18,"minecraft:time_since_rest":438,"minecraft:crouch_one_cm":8,"minecraft:play_one_minute":39909,"minecraft:leave_game":2,"minecraft:deaths":1,"minecraft:time_since_death":390,"minecraft:walk_one_cm":3039,"minecraft:sneak_time":765,"minecraft:fly_one_cm":96186},"minecraft:used":{"minecraft:slime_block":48,"minecraft:yellow_concrete":144,"minecraft:sticky_piston":59,"minecraft:honey_block":86,"minecraft:redstone_block":6,"minecraft:observer":78}},"DataVersion":2225}